ProductName,Price,Qty
"Apple iPhone 15 (Black, 128 GB)",65999,142
Samsung Galaxy M34 5G (Prism Blue),15499,310
boAt Airdopes 131 Bluetooth Headset,899,1205
"HP Pavilion Laptop (16GB RAM, 512GB SSD)",54990,65
Sony WH-1000XM4 Noise Cancelling Headphones,19990,48
Mi Smart TV 4A 32-inch LED TV,11499,185
SanDisk Ultra 64GB MicroSDXC Card,449,850
Philips HP8100/46 Hair Dryer,849,420
Puma Men's Regular Fit T-Shirt,599,630
Adidas Running Shoes (Men),2499,215
Fastrack Monochrome Analog Watch,1249,340
Bata Women's Fashion Sandals,899,280
Safari Pentagon 3-Pc Luggage Set,4999,95
Milton Thermosteel 1000ml Bottle,999,510
Hawkins Contura 3 Litre Pressure Cooker,1450,390
Kurlon Ortho Mattress (Queen Size),12500,28
Philips Base 20W LED Bulb (Pack of 4),399,1100
Vega Crux Half Face Motorbike Helmet,1120,165
Syska 10000mAh Power Bank,799,740
Logitech B100 Wireless Mouse,299,1350
