username,full_name,followers_count,following_count,posts_count,account_type,engagement_rate_%
travel_guru99,Alex Mercer,12450,850,342,Creator,4.2
baker_queen,Sarah Jenkins,,412,128,Business,5.8
fitness_sam,Samuel Rodriguez,89100,230,542,Creator,2.1
pixel_artist,Emily Chen,,1100,89,Personal,8.5
tech_guru,David Kim,154000,940,1205,Business,1.4
nature_clicks,Jessica Taylor,7800,1500,412,Personal,3.9
foodie_explorer,Michael Chang,,620,289,Creator,4.7
music_vibes,Amara Okafor,5600,340,74,Personal,6.2
bookworm_reads,Chloe Bennett,1250,890,153,Personal,5.1
fashion_icon,Liam O'Connor,,180,984,Creator,0.9
