song,artist,streams,date
Blinding Lights,The Weeknd,4350000000,2019-11-29
Shape of You,Ed Sheeran,3980000000,2017-01-06
Someone You Loved,Lewis Capaldi,3450000000,2018-11-08
Sunflower,Post Malone & Swae Lee,3380000000,2018-10-18
As It Was,Harry Styles,3320000000,2022-04-01
Starboy,The Weeknd,3310000000,2016-09-21
Dance Monkey,Tones and I,3080000000,2019-05-10
One Dance,Drake,3220000000,2016-04-05
STAY,The Kid LAROI & Justin Bieber,3130000000,2021-07-09
Believer,Imagine Dragons,3020000000,2017-02-01
